insertId,"'labels.""execution-date""","'labels.""map-index""",labels.process,"'labels.""task-id""","'labels.""try-number""",labels.worker_id,labels.workflow,logName,receiveLocation,receiveTimestamp,resource.labels.environment_name,resource.labels.location,resource.labels.project_id,resource.type,severity,textPayload,timestamp
1e3hjef2189cg,'2025-09-17T17:18:36.081800+00:00,'-1,local_task_job_runner.py:245,log_metadata,1,'airflow-worker-dg2dl,etl_pipeline_clicks_transactions,'projects/neon-camp-471705-q5/logs/airflow-worker,,'2025-09-17T17:33:28.850763940Z,composerenv,'us-central1,'neon-camp-471705-q5,cloud_composer_environment,INFO,::endgroup::,'2025-09-17T17:33:22.897307913Z
1e3hjef2189cf,'2025-09-17T17:18:36.081800+00:00,'-1,taskinstance.py:3904,log_metadata,1,'airflow-worker-dg2dl,etl_pipeline_clicks_transactions,'projects/neon-camp-471705-q5/logs/airflow-worker,,'2025-09-17T17:33:28.850763940Z,composerenv,'us-central1,'neon-camp-471705-q5,cloud_composer_environment,INFO,'0 downstream tasks scheduled from follow-on schedule check,'2025-09-17T17:33:22.890980324Z
1e3hjef2189ce,'2025-09-17T17:18:36.081800+00:00,'-1,local_task_job_runner.py:266,log_metadata,1,'airflow-worker-dg2dl,etl_pipeline_clicks_transactions,'projects/neon-camp-471705-q5/logs/airflow-worker,,'2025-09-17T17:33:28.850763940Z,composerenv,'us-central1,'neon-camp-471705-q5,cloud_composer_environment,INFO,Task exited with return code 0,'2025-09-17T17:33:22.733173525Z
1e3hjef2189cd,'2025-09-17T17:18:36.081800+00:00,'-1,taskinstance.py:353,log_metadata,1,'airflow-worker-dg2dl,etl_pipeline_clicks_transactions,'projects/neon-camp-471705-q5/logs/airflow-worker,,'2025-09-17T17:33:28.850763940Z,composerenv,'us-central1,'neon-camp-471705-q5,cloud_composer_environment,INFO,"'Marking task as SUCCESS. dag_id=etl_pipeline_clicks_transactions, task_id=log_metadata, run_id=manual__2025-09-17T17:18:36.0818+00:00, execution_date=20250917T171836, start_date=20250917T173321, end_date=20250917T173322",'2025-09-17T17:33:22.579999374Z
1e3hjef2189cc,'2025-09-17T17:18:36.081800+00:00,'-1,taskinstance.py:341,log_metadata,1,'airflow-worker-dg2dl,etl_pipeline_clicks_transactions,'projects/neon-camp-471705-q5/logs/airflow-worker,,'2025-09-17T17:33:28.850763940Z,composerenv,'us-central1,'neon-camp-471705-q5,cloud_composer_environment,INFO,::group::Post task execution logs,'2025-09-17T17:33:22.578925084Z
1e3hjef2189cb,'2025-09-17T17:18:36.081800+00:00,'-1,python.py:240,log_metadata,1,'airflow-worker-dg2dl,etl_pipeline_clicks_transactions,'projects/neon-camp-471705-q5/logs/airflow-worker,,'2025-09-17T17:33:28.850763940Z,composerenv,'us-central1,'neon-camp-471705-q5,cloud_composer_environment,INFO,Done. Returned value was: {'metadata_target': 'gs://dataengg_intershipsep2025/metadata/etl_metadata.csv'},'2025-09-17T17:33:22.475107918Z
1orvr7qf5sskh6,'2025-09-17T17:18:36.081800+00:00,'-1,taskinstance.py:733,log_metadata,1,'airflow-worker-dg2dl,etl_pipeline_clicks_transactions,'projects/neon-camp-471705-q5/logs/airflow-worker,,'2025-09-17T17:33:22.752366961Z,composerenv,'us-central1,'neon-camp-471705-q5,cloud_composer_environment,INFO,::endgroup::,'2025-09-17T17:33:21.965450723Z
1orvr7qf5sskh5,'2025-09-17T17:18:36.081800+00:00,'-1,taskinstance.py:3136,log_metadata,1,'airflow-worker-dg2dl,etl_pipeline_clicks_transactions,'projects/neon-camp-471705-q5/logs/airflow-worker,,'2025-09-17T17:33:22.752366961Z,composerenv,'us-central1,'neon-camp-471705-q5,cloud_composer_environment,INFO,'Exporting env vars: AIRFLOW_CTX_DAG_EMAIL='sureshav2004@gmail.com' AIRFLOW_CTX_DAG_OWNER='airflow' AIRFLOW_CTX_DAG_ID='etl_pipeline_clicks_transactions' AIRFLOW_CTX_TASK_ID='log_metadata' AIRFLOW_CTX_EXECUTION_DATE='2025-09-17T17:18:36.081800+00:00' AIRFLOW_CTX_TRY_NUMBER='1' AIRFLOW_CTX_DAG_RUN_ID='manual__2025-09-17T17:18:36.0818+00:00','2025-09-17T17:33:21.962078344Z
1orvr7qf5sskh4,'2025-09-17T17:18:36.081800+00:00,'-1,task_command.py:473,log_metadata,1,'airflow-worker-dg2dl,etl_pipeline_clicks_transactions,'projects/neon-camp-471705-q5/logs/airflow-worker,,'2025-09-17T17:33:22.752366961Z,composerenv,'us-central1,'neon-camp-471705-q5,cloud_composer_environment,INFO,'Running <TaskInstance: etl_pipeline_clicks_transactions.log_metadata manual__2025-09-17T17:18:36.0818+00:00 [running]> on host airflow-worker-dg2dl,'2025-09-17T17:33:21.675945820Z
1orvr7qf5sskh3,'2025-09-17T17:18:36.081800+00:00,'-1,standard_task_runner.py:105,log_metadata,1,'airflow-worker-dg2dl,etl_pipeline_clicks_transactions,'projects/neon-camp-471705-q5/logs/airflow-worker,,'2025-09-17T17:33:22.752366961Z,composerenv,'us-central1,'neon-camp-471705-q5,cloud_composer_environment,INFO,Job 208: Subtask log_metadata,'2025-09-17T17:33:21.548316787Z
1orvr7qf5sskh2,'2025-09-17T17:18:36.081800+00:00,'-1,standard_task_runner.py:104,log_metadata,1,'airflow-worker-dg2dl,etl_pipeline_clicks_transactions,'projects/neon-camp-471705-q5/logs/airflow-worker,,'2025-09-17T17:33:22.752366961Z,composerenv,'us-central1,'neon-camp-471705-q5,cloud_composer_environment,INFO,"'Running: ['airflow', 'tasks', 'run', 'etl_pipeline_clicks_transactions', 'log_metadata', 'manual__2025-09-17T17:18:36.0818+00:00', '--job-id', '208', '--raw', '--subdir', 'DAGS_FOLDER/etl_pipeline_dag.py', '--cfg-path', '/tmp/tmpk64jzios']",'2025-09-17T17:33:21.547915996Z
1orvr7qf5sskh1,'2025-09-17T17:18:36.081800+00:00,'-1,standard_task_runner.py:72,log_metadata,1,'airflow-worker-dg2dl,etl_pipeline_clicks_transactions,'projects/neon-camp-471705-q5/logs/airflow-worker,,'2025-09-17T17:33:22.752366961Z,composerenv,'us-central1,'neon-camp-471705-q5,cloud_composer_environment,INFO,Started process 482 to run task,'2025-09-17T17:33:21.545579577Z
1orvr7qf5sskh0,'2025-09-17T17:18:36.081800+00:00,'-1,taskinstance.py:2892,log_metadata,1,'airflow-worker-dg2dl,etl_pipeline_clicks_transactions,'projects/neon-camp-471705-q5/logs/airflow-worker,,'2025-09-17T17:33:22.752366961Z,composerenv,'us-central1,'neon-camp-471705-q5,cloud_composer_environment,INFO,'Executing <Task(PythonOperator): log_metadata> on 2025-09-17 17:18:36.081800+00:00,'2025-09-17T17:33:21.533116338Z
1orvr7qf5sskgz,'2025-09-17T17:18:36.081800+00:00,'-1,taskinstance.py:2869,log_metadata,1,'airflow-worker-dg2dl,etl_pipeline_clicks_transactions,'projects/neon-camp-471705-q5/logs/airflow-worker,,'2025-09-17T17:33:22.752366961Z,composerenv,'us-central1,'neon-camp-471705-q5,cloud_composer_environment,INFO,Starting attempt 1 of 2,'2025-09-17T17:33:21.475994616Z
1orvr7qf5sskgy,'2025-09-17T17:18:36.081800+00:00,'-1,taskinstance.py:2616,log_metadata,1,'airflow-worker-dg2dl,etl_pipeline_clicks_transactions,'projects/neon-camp-471705-q5/logs/airflow-worker,,'2025-09-17T17:33:22.752366961Z,composerenv,'us-central1,'neon-camp-471705-q5,cloud_composer_environment,INFO,'Dependencies all met for dep_context=requeueable deps ti=<TaskInstance: etl_pipeline_clicks_transactions.log_metadata manual__2025-09-17T17:18:36.0818+00:00 [queued]>,'2025-09-17T17:33:21.475714466Z
1orvr7qf5sskgx,'2025-09-17T17:18:36.081800+00:00,'-1,taskinstance.py:2616,log_metadata,1,'airflow-worker-dg2dl,etl_pipeline_clicks_transactions,'projects/neon-camp-471705-q5/logs/airflow-worker,,'2025-09-17T17:33:22.752366961Z,composerenv,'us-central1,'neon-camp-471705-q5,cloud_composer_environment,INFO,'Dependencies all met for dep_context=non-requeueable deps ti=<TaskInstance: etl_pipeline_clicks_transactions.log_metadata manual__2025-09-17T17:18:36.0818+00:00 [queued]>,'2025-09-17T17:33:21.439219310Z
1orvr7qf5sskgw,'2025-09-17T17:18:36.081800+00:00,'-1,local_task_job_runner.py:123,log_metadata,1,'airflow-worker-dg2dl,etl_pipeline_clicks_transactions,'projects/neon-camp-471705-q5/logs/airflow-worker,,'2025-09-17T17:33:22.752366961Z,composerenv,'us-central1,'neon-camp-471705-q5,cloud_composer_environment,INFO,::group::Pre task execution logs,'2025-09-17T17:33:21.363070370Z
1qhnec3f5om5sk,'2025-09-17T17:18:36.081800+00:00,'-1,local_task_job_runner.py:245,load_to_gcs,1,'airflow-worker-dg2dl,etl_pipeline_clicks_transactions,'projects/neon-camp-471705-q5/logs/airflow-worker,,'2025-09-17T17:33:09.502382432Z,composerenv,'us-central1,'neon-camp-471705-q5,cloud_composer_environment,INFO,::endgroup::,'2025-09-17T17:33:07.279576551Z
1qhnec3f5om5sj,'2025-09-17T17:18:36.081800+00:00,'-1,taskinstance.py:3904,load_to_gcs,1,'airflow-worker-dg2dl,etl_pipeline_clicks_transactions,'projects/neon-camp-471705-q5/logs/airflow-worker,,'2025-09-17T17:33:09.502382432Z,composerenv,'us-central1,'neon-camp-471705-q5,cloud_composer_environment,INFO,'1 downstream tasks scheduled from follow-on schedule check,'2025-09-17T17:33:07.273765881Z
1qhnec3f5om5si,'2025-09-17T17:18:36.081800+00:00,'-1,local_task_job_runner.py:266,load_to_gcs,1,'airflow-worker-dg2dl,etl_pipeline_clicks_transactions,'projects/neon-camp-471705-q5/logs/airflow-worker,,'2025-09-17T17:33:09.502382432Z,composerenv,'us-central1,'neon-camp-471705-q5,cloud_composer_environment,INFO,Task exited with return code 0,'2025-09-17T17:33:07.189770772Z
1qhnec3f5om5sh,'2025-09-17T17:18:36.081800+00:00,'-1,taskinstance.py:353,load_to_gcs,1,'airflow-worker-dg2dl,etl_pipeline_clicks_transactions,'projects/neon-camp-471705-q5/logs/airflow-worker,,'2025-09-17T17:33:09.502382432Z,composerenv,'us-central1,'neon-camp-471705-q5,cloud_composer_environment,INFO,"'Marking task as SUCCESS. dag_id=etl_pipeline_clicks_transactions, task_id=load_to_gcs, run_id=manual__2025-09-17T17:18:36.0818+00:00, execution_date=20250917T171836, start_date=20250917T173303, end_date=20250917T173307",'2025-09-17T17:33:07.024384124Z
1qhnec3f5om5sg,'2025-09-17T17:18:36.081800+00:00,'-1,taskinstance.py:341,load_to_gcs,1,'airflow-worker-dg2dl,etl_pipeline_clicks_transactions,'projects/neon-camp-471705-q5/logs/airflow-worker,,'2025-09-17T17:33:09.502382432Z,composerenv,'us-central1,'neon-camp-471705-q5,cloud_composer_environment,INFO,::group::Post task execution logs,'2025-09-17T17:33:07.023589933Z
1qhnec3f5om5sf,'2025-09-17T17:18:36.081800+00:00,'-1,python.py:240,load_to_gcs,1,'airflow-worker-dg2dl,etl_pipeline_clicks_transactions,'projects/neon-camp-471705-q5/logs/airflow-worker,,'2025-09-17T17:33:09.502382432Z,composerenv,'us-central1,'neon-camp-471705-q5,cloud_composer_environment,INFO,"'Done. Returned value was: {'rows_loaded': 100000, 'gcs_csv': 'output/etl_pipeline/final_20250917T173304.csv', 'gcs_parquet': 'output/etl_pipeline/final_20250917T173304.parquet'}",'2025-09-17T17:33:06.913953147Z
1qhnec3f5om5se,'2025-09-17T17:18:36.081800+00:00,'-1,taskinstance.py:733,load_to_gcs,1,'airflow-worker-dg2dl,etl_pipeline_clicks_transactions,'projects/neon-camp-471705-q5/logs/airflow-worker,,'2025-09-17T17:33:09.502382432Z,composerenv,'us-central1,'neon-camp-471705-q5,cloud_composer_environment,INFO,::endgroup::,'2025-09-17T17:33:04.008634451Z
1qhnec3f5om5sd,'2025-09-17T17:18:36.081800+00:00,'-1,taskinstance.py:3136,load_to_gcs,1,'airflow-worker-dg2dl,etl_pipeline_clicks_transactions,'projects/neon-camp-471705-q5/logs/airflow-worker,,'2025-09-17T17:33:09.502382432Z,composerenv,'us-central1,'neon-camp-471705-q5,cloud_composer_environment,INFO,'Exporting env vars: AIRFLOW_CTX_DAG_EMAIL='sureshav2004@gmail.com' AIRFLOW_CTX_DAG_OWNER='airflow' AIRFLOW_CTX_DAG_ID='etl_pipeline_clicks_transactions' AIRFLOW_CTX_TASK_ID='load_to_gcs' AIRFLOW_CTX_EXECUTION_DATE='2025-09-17T17:18:36.081800+00:00' AIRFLOW_CTX_TRY_NUMBER='1' AIRFLOW_CTX_DAG_RUN_ID='manual__2025-09-17T17:18:36.0818+00:00','2025-09-17T17:33:04.005463202Z
1qhnec3f5om5sc,'2025-09-17T17:18:36.081800+00:00,'-1,task_command.py:473,load_to_gcs,1,'airflow-worker-dg2dl,etl_pipeline_clicks_transactions,'projects/neon-camp-471705-q5/logs/airflow-worker,,'2025-09-17T17:33:09.502382432Z,composerenv,'us-central1,'neon-camp-471705-q5,cloud_composer_environment,INFO,'Running <TaskInstance: etl_pipeline_clicks_transactions.load_to_gcs manual__2025-09-17T17:18:36.0818+00:00 [running]> on host airflow-worker-dg2dl,'2025-09-17T17:33:03.729834997Z
1qhnec3f5om5sb,'2025-09-17T17:18:36.081800+00:00,'-1,standard_task_runner.py:105,load_to_gcs,1,'airflow-worker-dg2dl,etl_pipeline_clicks_transactions,'projects/neon-camp-471705-q5/logs/airflow-worker,,'2025-09-17T17:33:09.502382432Z,composerenv,'us-central1,'neon-camp-471705-q5,cloud_composer_environment,INFO,Job 207: Subtask load_to_gcs,'2025-09-17T17:33:03.569768218Z
1qhnec3f5om5sa,'2025-09-17T17:18:36.081800+00:00,'-1,standard_task_runner.py:104,load_to_gcs,1,'airflow-worker-dg2dl,etl_pipeline_clicks_transactions,'projects/neon-camp-471705-q5/logs/airflow-worker,,'2025-09-17T17:33:09.502382432Z,composerenv,'us-central1,'neon-camp-471705-q5,cloud_composer_environment,INFO,"'Running: ['airflow', 'tasks', 'run', 'etl_pipeline_clicks_transactions', 'load_to_gcs', 'manual__2025-09-17T17:18:36.0818+00:00', '--job-id', '207', '--raw', '--subdir', 'DAGS_FOLDER/etl_pipeline_dag.py', '--cfg-path', '/tmp/tmppgq7wl0w']",'2025-09-17T17:33:03.569557428Z
1qhnec3f5om5s9,'2025-09-17T17:18:36.081800+00:00,'-1,standard_task_runner.py:72,load_to_gcs,1,'airflow-worker-dg2dl,etl_pipeline_clicks_transactions,'projects/neon-camp-471705-q5/logs/airflow-worker,,'2025-09-17T17:33:09.502382432Z,composerenv,'us-central1,'neon-camp-471705-q5,cloud_composer_environment,INFO,Started process 458 to run task,'2025-09-17T17:33:03.567204668Z
1qhnec3f5om5s8,'2025-09-17T17:18:36.081800+00:00,'-1,taskinstance.py:2892,load_to_gcs,1,'airflow-worker-dg2dl,etl_pipeline_clicks_transactions,'projects/neon-camp-471705-q5/logs/airflow-worker,,'2025-09-17T17:33:09.502382432Z,composerenv,'us-central1,'neon-camp-471705-q5,cloud_composer_environment,INFO,'Executing <Task(PythonOperator): load_to_gcs> on 2025-09-17 17:18:36.081800+00:00,'2025-09-17T17:33:03.554945640Z
1qhnec3f5om5s7,'2025-09-17T17:18:36.081800+00:00,'-1,taskinstance.py:2869,load_to_gcs,1,'airflow-worker-dg2dl,etl_pipeline_clicks_transactions,'projects/neon-camp-471705-q5/logs/airflow-worker,,'2025-09-17T17:33:09.502382432Z,composerenv,'us-central1,'neon-camp-471705-q5,cloud_composer_environment,INFO,Starting attempt 1 of 2,'2025-09-17T17:33:03.519101974Z
1qhnec3f5om5s6,'2025-09-17T17:18:36.081800+00:00,'-1,taskinstance.py:2616,load_to_gcs,1,'airflow-worker-dg2dl,etl_pipeline_clicks_transactions,'projects/neon-camp-471705-q5/logs/airflow-worker,,'2025-09-17T17:33:09.502382432Z,composerenv,'us-central1,'neon-camp-471705-q5,cloud_composer_environment,INFO,'Dependencies all met for dep_context=requeueable deps ti=<TaskInstance: etl_pipeline_clicks_transactions.load_to_gcs manual__2025-09-17T17:18:36.0818+00:00 [queued]>,'2025-09-17T17:33:03.518993764Z
1qhnec3f5om5s5,'2025-09-17T17:18:36.081800+00:00,'-1,taskinstance.py:2616,load_to_gcs,1,'airflow-worker-dg2dl,etl_pipeline_clicks_transactions,'projects/neon-camp-471705-q5/logs/airflow-worker,,'2025-09-17T17:33:09.502382432Z,composerenv,'us-central1,'neon-camp-471705-q5,cloud_composer_environment,INFO,'Dependencies all met for dep_context=non-requeueable deps ti=<TaskInstance: etl_pipeline_clicks_transactions.load_to_gcs manual__2025-09-17T17:18:36.0818+00:00 [queued]>,'2025-09-17T17:33:03.481708329Z
1qhnec3f5om5s4,'2025-09-17T17:18:36.081800+00:00,'-1,local_task_job_runner.py:123,load_to_gcs,1,'airflow-worker-dg2dl,etl_pipeline_clicks_transactions,'projects/neon-camp-471705-q5/logs/airflow-worker,,'2025-09-17T17:33:09.502382432Z,composerenv,'us-central1,'neon-camp-471705-q5,cloud_composer_environment,INFO,::group::Pre task execution logs,'2025-09-17T17:33:03.411188509Z
1a3zp85f5j6dln,'2025-09-17T17:18:36.081800+00:00,'-1,local_task_job_runner.py:245,validate_data,1,'airflow-worker-dg2dl,etl_pipeline_clicks_transactions,'projects/neon-camp-471705-q5/logs/airflow-worker,,'2025-09-17T17:33:03.409226590Z,composerenv,'us-central1,'neon-camp-471705-q5,cloud_composer_environment,INFO,::endgroup::,'2025-09-17T17:32:59.662612621Z
1a3zp85f5j6dlm,'2025-09-17T17:18:36.081800+00:00,'-1,taskinstance.py:3904,validate_data,1,'airflow-worker-dg2dl,etl_pipeline_clicks_transactions,'projects/neon-camp-471705-q5/logs/airflow-worker,,'2025-09-17T17:33:03.409226590Z,composerenv,'us-central1,'neon-camp-471705-q5,cloud_composer_environment,INFO,'1 downstream tasks scheduled from follow-on schedule check,'2025-09-17T17:32:59.656261131Z
1a3zp85f5j6dll,'2025-09-17T17:18:36.081800+00:00,'-1,local_task_job_runner.py:266,validate_data,1,'airflow-worker-dg2dl,etl_pipeline_clicks_transactions,'projects/neon-camp-471705-q5/logs/airflow-worker,,'2025-09-17T17:33:03.409226590Z,composerenv,'us-central1,'neon-camp-471705-q5,cloud_composer_environment,INFO,Task exited with return code 0,'2025-09-17T17:32:59.568728363Z
1a3zp85f5j6dlk,'2025-09-17T17:18:36.081800+00:00,'-1,taskinstance.py:353,validate_data,1,'airflow-worker-dg2dl,etl_pipeline_clicks_transactions,'projects/neon-camp-471705-q5/logs/airflow-worker,,'2025-09-17T17:33:03.409226590Z,composerenv,'us-central1,'neon-camp-471705-q5,cloud_composer_environment,INFO,"'Marking task as SUCCESS. dag_id=etl_pipeline_clicks_transactions, task_id=validate_data, run_id=manual__2025-09-17T17:18:36.0818+00:00, execution_date=20250917T171836, start_date=20250917T173257, end_date=20250917T173259",'2025-09-17T17:32:59.397273395Z
1a3zp85f5j6dlj,'2025-09-17T17:18:36.081800+00:00,'-1,taskinstance.py:341,validate_data,1,'airflow-worker-dg2dl,etl_pipeline_clicks_transactions,'projects/neon-camp-471705-q5/logs/airflow-worker,,'2025-09-17T17:33:03.409226590Z,composerenv,'us-central1,'neon-camp-471705-q5,cloud_composer_environment,INFO,::group::Post task execution logs,'2025-09-17T17:32:59.395977955Z
1a3zp85f5j6dli,'2025-09-17T17:18:36.081800+00:00,'-1,python.py:240,validate_data,1,'airflow-worker-dg2dl,etl_pipeline_clicks_transactions,'projects/neon-camp-471705-q5/logs/airflow-worker,,'2025-09-17T17:33:03.409226590Z,composerenv,'us-central1,'neon-camp-471705-q5,cloud_composer_environment,INFO,"'Done. Returned value was: {'pass': True, 'fail_reasons': [], 'missing_counts': {'txn_id': 0, 'user_id': 0, 'amount': 0, 'currency': 0}, 'non_positive_amounts': 0, 'invalid_currency_count': 0}",'2025-09-17T17:32:59.288957809Z
1a3zp85f5j6dlh,'2025-09-17T17:18:36.081800+00:00,'-1,taskinstance.py:733,validate_data,1,'airflow-worker-dg2dl,etl_pipeline_clicks_transactions,'projects/neon-camp-471705-q5/logs/airflow-worker,,'2025-09-17T17:33:03.409226590Z,composerenv,'us-central1,'neon-camp-471705-q5,cloud_composer_environment,INFO,::endgroup::,'2025-09-17T17:32:58.149055275Z
1a3zp85f5j6dlg,'2025-09-17T17:18:36.081800+00:00,'-1,taskinstance.py:3136,validate_data,1,'airflow-worker-dg2dl,etl_pipeline_clicks_transactions,'projects/neon-camp-471705-q5/logs/airflow-worker,,'2025-09-17T17:33:03.409226590Z,composerenv,'us-central1,'neon-camp-471705-q5,cloud_composer_environment,INFO,'Exporting env vars: AIRFLOW_CTX_DAG_EMAIL='sureshav2004@gmail.com' AIRFLOW_CTX_DAG_OWNER='airflow' AIRFLOW_CTX_DAG_ID='etl_pipeline_clicks_transactions' AIRFLOW_CTX_TASK_ID='validate_data' AIRFLOW_CTX_EXECUTION_DATE='2025-09-17T17:18:36.081800+00:00' AIRFLOW_CTX_TRY_NUMBER='1' AIRFLOW_CTX_DAG_RUN_ID='manual__2025-09-17T17:18:36.0818+00:00','2025-09-17T17:32:58.147086795Z
1a3zp85f5j6dlf,'2025-09-17T17:18:36.081800+00:00,'-1,task_command.py:473,validate_data,1,'airflow-worker-dg2dl,etl_pipeline_clicks_transactions,'projects/neon-camp-471705-q5/logs/airflow-worker,,'2025-09-17T17:33:03.409226590Z,composerenv,'us-central1,'neon-camp-471705-q5,cloud_composer_environment,INFO,'Running <TaskInstance: etl_pipeline_clicks_transactions.validate_data manual__2025-09-17T17:18:36.0818+00:00 [running]> on host airflow-worker-dg2dl,'2025-09-17T17:32:57.870117081Z
1a3zp85f5j6dle,'2025-09-17T17:18:36.081800+00:00,'-1,standard_task_runner.py:105,validate_data,1,'airflow-worker-dg2dl,etl_pipeline_clicks_transactions,'projects/neon-camp-471705-q5/logs/airflow-worker,,'2025-09-17T17:33:03.409226590Z,composerenv,'us-central1,'neon-camp-471705-q5,cloud_composer_environment,INFO,Job 206: Subtask validate_data,'2025-09-17T17:32:57.749534076Z
1a3zp85f5j6dld,'2025-09-17T17:18:36.081800+00:00,'-1,standard_task_runner.py:104,validate_data,1,'airflow-worker-dg2dl,etl_pipeline_clicks_transactions,'projects/neon-camp-471705-q5/logs/airflow-worker,,'2025-09-17T17:33:03.409226590Z,composerenv,'us-central1,'neon-camp-471705-q5,cloud_composer_environment,INFO,"'Running: ['airflow', 'tasks', 'run', 'etl_pipeline_clicks_transactions', 'validate_data', 'manual__2025-09-17T17:18:36.0818+00:00', '--job-id', '206', '--raw', '--subdir', 'DAGS_FOLDER/etl_pipeline_dag.py', '--cfg-path', '/tmp/tmpki9myq95']",'2025-09-17T17:32:57.749051007Z
1a3zp85f5j6dlc,'2025-09-17T17:18:36.081800+00:00,'-1,standard_task_runner.py:72,validate_data,1,'airflow-worker-dg2dl,etl_pipeline_clicks_transactions,'projects/neon-camp-471705-q5/logs/airflow-worker,,'2025-09-17T17:33:03.409226590Z,composerenv,'us-central1,'neon-camp-471705-q5,cloud_composer_environment,INFO,Started process 451 to run task,'2025-09-17T17:32:57.744455667Z
1a3zp85f5j6dlb,'2025-09-17T17:18:36.081800+00:00,'-1,taskinstance.py:2892,validate_data,1,'airflow-worker-dg2dl,etl_pipeline_clicks_transactions,'projects/neon-camp-471705-q5/logs/airflow-worker,,'2025-09-17T17:33:03.409226590Z,composerenv,'us-central1,'neon-camp-471705-q5,cloud_composer_environment,INFO,'Executing <Task(PythonOperator): validate_data> on 2025-09-17 17:18:36.081800+00:00,'2025-09-17T17:32:57.734266128Z
1a3zp85f5j6dla,'2025-09-17T17:18:36.081800+00:00,'-1,taskinstance.py:2869,validate_data,1,'airflow-worker-dg2dl,etl_pipeline_clicks_transactions,'projects/neon-camp-471705-q5/logs/airflow-worker,,'2025-09-17T17:33:03.409226590Z,composerenv,'us-central1,'neon-camp-471705-q5,cloud_composer_environment,INFO,Starting attempt 1 of 2,'2025-09-17T17:32:57.674855496Z
1a3zp85f5j6dl9,'2025-09-17T17:18:36.081800+00:00,'-1,taskinstance.py:2616,validate_data,1,'airflow-worker-dg2dl,etl_pipeline_clicks_transactions,'projects/neon-camp-471705-q5/logs/airflow-worker,,'2025-09-17T17:33:03.409226590Z,composerenv,'us-central1,'neon-camp-471705-q5,cloud_composer_environment,INFO,'Dependencies all met for dep_context=requeueable deps ti=<TaskInstance: etl_pipeline_clicks_transactions.validate_data manual__2025-09-17T17:18:36.0818+00:00 [queued]>,'2025-09-17T17:32:57.674222396Z
1a3zp85f5j6dl8,'2025-09-17T17:18:36.081800+00:00,'-1,taskinstance.py:2616,validate_data,1,'airflow-worker-dg2dl,etl_pipeline_clicks_transactions,'projects/neon-camp-471705-q5/logs/airflow-worker,,'2025-09-17T17:33:03.409226590Z,composerenv,'us-central1,'neon-camp-471705-q5,cloud_composer_environment,INFO,'Dependencies all met for dep_context=non-requeueable deps ti=<TaskInstance: etl_pipeline_clicks_transactions.validate_data manual__2025-09-17T17:18:36.0818+00:00 [queued]>,'2025-09-17T17:32:57.641343450Z
1a3zp85f5j6dl7,'2025-09-17T17:18:36.081800+00:00,'-1,local_task_job_runner.py:123,validate_data,1,'airflow-worker-dg2dl,etl_pipeline_clicks_transactions,'projects/neon-camp-471705-q5/logs/airflow-worker,,'2025-09-17T17:33:03.409226590Z,composerenv,'us-central1,'neon-camp-471705-q5,cloud_composer_environment,INFO,::group::Pre task execution logs,'2025-09-17T17:32:57.566077940Z
17bryolf5kkuil,'2025-09-17T17:18:36.081800+00:00,'-1,local_task_job_runner.py:245,transform,1,'airflow-worker-dg2dl,etl_pipeline_clicks_transactions,'projects/neon-camp-471705-q5/logs/airflow-worker,,'2025-09-17T17:32:56.310400582Z,composerenv,'us-central1,'neon-camp-471705-q5,cloud_composer_environment,INFO,::endgroup::,'2025-09-17T17:32:52.557683312Z
17bryolf5kkuik,'2025-09-17T17:18:36.081800+00:00,'-1,taskinstance.py:3904,transform,1,'airflow-worker-dg2dl,etl_pipeline_clicks_transactions,'projects/neon-camp-471705-q5/logs/airflow-worker,,'2025-09-17T17:32:56.310400582Z,composerenv,'us-central1,'neon-camp-471705-q5,cloud_composer_environment,INFO,'1 downstream tasks scheduled from follow-on schedule check,'2025-09-17T17:32:52.551819163Z
17bryolf5kkuij,'2025-09-17T17:18:36.081800+00:00,'-1,local_task_job_runner.py:266,transform,1,'airflow-worker-dg2dl,etl_pipeline_clicks_transactions,'projects/neon-camp-471705-q5/logs/airflow-worker,,'2025-09-17T17:32:56.310400582Z,composerenv,'us-central1,'neon-camp-471705-q5,cloud_composer_environment,INFO,Task exited with return code 0,'2025-09-17T17:32:52.470436694Z
17bryolf5kkuii,'2025-09-17T17:18:36.081800+00:00,'-1,taskinstance.py:353,transform,1,'airflow-worker-dg2dl,etl_pipeline_clicks_transactions,'projects/neon-camp-471705-q5/logs/airflow-worker,,'2025-09-17T17:32:56.310400582Z,composerenv,'us-central1,'neon-camp-471705-q5,cloud_composer_environment,INFO,"'Marking task as SUCCESS. dag_id=etl_pipeline_clicks_transactions, task_id=transform, run_id=manual__2025-09-17T17:18:36.0818+00:00, execution_date=20250917T171836, start_date=20250917T173246, end_date=20250917T173252",'2025-09-17T17:32:52.254000991Z
17bryolf5kkuih,'2025-09-17T17:18:36.081800+00:00,'-1,taskinstance.py:341,transform,1,'airflow-worker-dg2dl,etl_pipeline_clicks_transactions,'projects/neon-camp-471705-q5/logs/airflow-worker,,'2025-09-17T17:32:56.310400582Z,composerenv,'us-central1,'neon-camp-471705-q5,cloud_composer_environment,INFO,::group::Post task execution logs,'2025-09-17T17:32:52.252933761Z
17bryolf5kkuig,'2025-09-17T17:18:36.081800+00:00,'-1,python.py:240,transform,1,'airflow-worker-dg2dl,etl_pipeline_clicks_transactions,'projects/neon-camp-471705-q5/logs/airflow-worker,,'2025-09-17T17:32:56.310400582Z,composerenv,'us-central1,'neon-camp-471705-q5,cloud_composer_environment,INFO,"'Done. Returned value was: {'rows': 100000, 'staging_gcs': 'staging/etl_pipeline/transformed_20250917T173251.parquet'}",'2025-09-17T17:32:52.152942004Z
1xeb3kxf63348u,'2025-09-17T17:18:36.081800+00:00,'-1,taskinstance.py:733,transform,1,'airflow-worker-dg2dl,etl_pipeline_clicks_transactions,'projects/neon-camp-471705-q5/logs/airflow-worker,,'2025-09-17T17:32:49.227482102Z,composerenv,'us-central1,'neon-camp-471705-q5,cloud_composer_environment,INFO,::endgroup::,'2025-09-17T17:32:46.901113240Z
1xeb3kxf63348t,'2025-09-17T17:18:36.081800+00:00,'-1,taskinstance.py:3136,transform,1,'airflow-worker-dg2dl,etl_pipeline_clicks_transactions,'projects/neon-camp-471705-q5/logs/airflow-worker,,'2025-09-17T17:32:49.227482102Z,composerenv,'us-central1,'neon-camp-471705-q5,cloud_composer_environment,INFO,'Exporting env vars: AIRFLOW_CTX_DAG_EMAIL='sureshav2004@gmail.com' AIRFLOW_CTX_DAG_OWNER='airflow' AIRFLOW_CTX_DAG_ID='etl_pipeline_clicks_transactions' AIRFLOW_CTX_TASK_ID='transform' AIRFLOW_CTX_EXECUTION_DATE='2025-09-17T17:18:36.081800+00:00' AIRFLOW_CTX_TRY_NUMBER='1' AIRFLOW_CTX_DAG_RUN_ID='manual__2025-09-17T17:18:36.0818+00:00','2025-09-17T17:32:46.899178980Z
1xeb3kxf63348s,'2025-09-17T17:18:36.081800+00:00,'-1,task_command.py:473,transform,1,'airflow-worker-dg2dl,etl_pipeline_clicks_transactions,'projects/neon-camp-471705-q5/logs/airflow-worker,,'2025-09-17T17:32:49.227482102Z,composerenv,'us-central1,'neon-camp-471705-q5,cloud_composer_environment,INFO,'Running <TaskInstance: etl_pipeline_clicks_transactions.transform manual__2025-09-17T17:18:36.0818+00:00 [running]> on host airflow-worker-dg2dl,'2025-09-17T17:32:46.540254216Z
1xeb3kxf63348r,'2025-09-17T17:18:36.081800+00:00,'-1,standard_task_runner.py:105,transform,1,'airflow-worker-dg2dl,etl_pipeline_clicks_transactions,'projects/neon-camp-471705-q5/logs/airflow-worker,,'2025-09-17T17:32:49.227482102Z,composerenv,'us-central1,'neon-camp-471705-q5,cloud_composer_environment,INFO,Job 205: Subtask transform,'2025-09-17T17:32:46.416120562Z
1xeb3kxf63348q,'2025-09-17T17:18:36.081800+00:00,'-1,standard_task_runner.py:104,transform,1,'airflow-worker-dg2dl,etl_pipeline_clicks_transactions,'projects/neon-camp-471705-q5/logs/airflow-worker,,'2025-09-17T17:32:49.227482102Z,composerenv,'us-central1,'neon-camp-471705-q5,cloud_composer_environment,INFO,"'Running: ['airflow', 'tasks', 'run', 'etl_pipeline_clicks_transactions', 'transform', 'manual__2025-09-17T17:18:36.0818+00:00', '--job-id', '205', '--raw', '--subdir', 'DAGS_FOLDER/etl_pipeline_dag.py', '--cfg-path', '/tmp/tmpgb2xqhba']",'2025-09-17T17:32:46.415947962Z
1xeb3kxf63348p,'2025-09-17T17:18:36.081800+00:00,'-1,standard_task_runner.py:72,transform,1,'airflow-worker-dg2dl,etl_pipeline_clicks_transactions,'projects/neon-camp-471705-q5/logs/airflow-worker,,'2025-09-17T17:32:49.227482102Z,composerenv,'us-central1,'neon-camp-471705-q5,cloud_composer_environment,INFO,Started process 445 to run task,'2025-09-17T17:32:46.412173332Z
1xeb3kxf63348o,'2025-09-17T17:18:36.081800+00:00,'-1,taskinstance.py:2892,transform,1,'airflow-worker-dg2dl,etl_pipeline_clicks_transactions,'projects/neon-camp-471705-q5/logs/airflow-worker,,'2025-09-17T17:32:49.227482102Z,composerenv,'us-central1,'neon-camp-471705-q5,cloud_composer_environment,INFO,'Executing <Task(PythonOperator): transform> on 2025-09-17 17:18:36.081800+00:00,'2025-09-17T17:32:46.398551434Z
1xeb3kxf63348n,'2025-09-17T17:18:36.081800+00:00,'-1,taskinstance.py:2869,transform,1,'airflow-worker-dg2dl,etl_pipeline_clicks_transactions,'projects/neon-camp-471705-q5/logs/airflow-worker,,'2025-09-17T17:32:49.227482102Z,composerenv,'us-central1,'neon-camp-471705-q5,cloud_composer_environment,INFO,Starting attempt 1 of 2,'2025-09-17T17:32:46.353287260Z
1xeb3kxf63348m,'2025-09-17T17:18:36.081800+00:00,'-1,taskinstance.py:2616,transform,1,'airflow-worker-dg2dl,etl_pipeline_clicks_transactions,'projects/neon-camp-471705-q5/logs/airflow-worker,,'2025-09-17T17:32:49.227482102Z,composerenv,'us-central1,'neon-camp-471705-q5,cloud_composer_environment,INFO,'Dependencies all met for dep_context=requeueable deps ti=<TaskInstance: etl_pipeline_clicks_transactions.transform manual__2025-09-17T17:18:36.0818+00:00 [queued]>,'2025-09-17T17:32:46.353076510Z
1xeb3kxf63348l,'2025-09-17T17:18:36.081800+00:00,'-1,taskinstance.py:2616,transform,1,'airflow-worker-dg2dl,etl_pipeline_clicks_transactions,'projects/neon-camp-471705-q5/logs/airflow-worker,,'2025-09-17T17:32:49.227482102Z,composerenv,'us-central1,'neon-camp-471705-q5,cloud_composer_environment,INFO,'Dependencies all met for dep_context=non-requeueable deps ti=<TaskInstance: etl_pipeline_clicks_transactions.transform manual__2025-09-17T17:18:36.0818+00:00 [queued]>,'2025-09-17T17:32:46.315231645Z
1xeb3kxf63348k,'2025-09-17T17:18:36.081800+00:00,'-1,local_task_job_runner.py:123,transform,1,'airflow-worker-dg2dl,etl_pipeline_clicks_transactions,'projects/neon-camp-471705-q5/logs/airflow-worker,,'2025-09-17T17:32:49.227482102Z,composerenv,'us-central1,'neon-camp-471705-q5,cloud_composer_environment,INFO,::group::Pre task execution logs,'2025-09-17T17:32:46.225597107Z
19k2iaif140aq8,'2025-09-17T17:18:36.081800+00:00,'-1,local_task_job_runner.py:245,ingest_currency_api,1,'airflow-worker-dg2dl,etl_pipeline_clicks_transactions,'projects/neon-camp-471705-q5/logs/airflow-worker,,'2025-09-17T17:32:43.221156714Z,composerenv,'us-central1,'neon-camp-471705-q5,cloud_composer_environment,INFO,::endgroup::,'2025-09-17T17:32:41.467703198Z
19k2iaif140aq7,'2025-09-17T17:18:36.081800+00:00,'-1,taskinstance.py:3904,ingest_currency_api,1,'airflow-worker-dg2dl,etl_pipeline_clicks_transactions,'projects/neon-camp-471705-q5/logs/airflow-worker,,'2025-09-17T17:32:43.221156714Z,composerenv,'us-central1,'neon-camp-471705-q5,cloud_composer_environment,INFO,'1 downstream tasks scheduled from follow-on schedule check,'2025-09-17T17:32:41.461674989Z
19k2iaif140aq6,'2025-09-17T17:18:36.081800+00:00,'-1,local_task_job_runner.py:266,ingest_currency_api,1,'airflow-worker-dg2dl,etl_pipeline_clicks_transactions,'projects/neon-camp-471705-q5/logs/airflow-worker,,'2025-09-17T17:32:43.221156714Z,composerenv,'us-central1,'neon-camp-471705-q5,cloud_composer_environment,INFO,Task exited with return code 0,'2025-09-17T17:32:41.374058590Z
19k2iaif140aq5,'2025-09-17T17:18:36.081800+00:00,'-1,taskinstance.py:353,ingest_currency_api,1,'airflow-worker-dg2dl,etl_pipeline_clicks_transactions,'projects/neon-camp-471705-q5/logs/airflow-worker,,'2025-09-17T17:32:43.221156714Z,composerenv,'us-central1,'neon-camp-471705-q5,cloud_composer_environment,INFO,"'Marking task as SUCCESS. dag_id=etl_pipeline_clicks_transactions, task_id=ingest_currency_api, run_id=manual__2025-09-17T17:18:36.0818+00:00, execution_date=20250917T171836, start_date=20250917T173239, end_date=20250917T173241",'2025-09-17T17:32:41.210924601Z
19k2iaif140aq4,'2025-09-17T17:18:36.081800+00:00,'-1,taskinstance.py:341,ingest_currency_api,1,'airflow-worker-dg2dl,etl_pipeline_clicks_transactions,'projects/neon-camp-471705-q5/logs/airflow-worker,,'2025-09-17T17:32:43.221156714Z,composerenv,'us-central1,'neon-camp-471705-q5,cloud_composer_environment,INFO,::group::Post task execution logs,'2025-09-17T17:32:41.209818611Z
19k2iaif140aq3,'2025-09-17T17:18:36.081800+00:00,'-1,python.py:240,ingest_currency_api,1,'airflow-worker-dg2dl,etl_pipeline_clicks_transactions,'projects/neon-camp-471705-q5/logs/airflow-worker,,'2025-09-17T17:32:43.221156714Z,composerenv,'us-central1,'neon-camp-471705-q5,cloud_composer_environment,INFO,Done. Returned value was: None,'2025-09-17T17:32:41.163984837Z
19k2iaif140aq2,'2025-09-17T17:18:36.081800+00:00,'-1,taskinstance.py:733,ingest_currency_api,1,'airflow-worker-dg2dl,etl_pipeline_clicks_transactions,'projects/neon-camp-471705-q5/logs/airflow-worker,,'2025-09-17T17:32:43.221156714Z,composerenv,'us-central1,'neon-camp-471705-q5,cloud_composer_environment,INFO,::endgroup::,'2025-09-17T17:32:40.406033214Z
19k2iaif140aq1,'2025-09-17T17:18:36.081800+00:00,'-1,taskinstance.py:3136,ingest_currency_api,1,'airflow-worker-dg2dl,etl_pipeline_clicks_transactions,'projects/neon-camp-471705-q5/logs/airflow-worker,,'2025-09-17T17:32:43.221156714Z,composerenv,'us-central1,'neon-camp-471705-q5,cloud_composer_environment,INFO,'Exporting env vars: AIRFLOW_CTX_DAG_EMAIL='sureshav2004@gmail.com' AIRFLOW_CTX_DAG_OWNER='airflow' AIRFLOW_CTX_DAG_ID='etl_pipeline_clicks_transactions' AIRFLOW_CTX_TASK_ID='ingest_currency_api' AIRFLOW_CTX_EXECUTION_DATE='2025-09-17T17:18:36.081800+00:00' AIRFLOW_CTX_TRY_NUMBER='1' AIRFLOW_CTX_DAG_RUN_ID='manual__2025-09-17T17:18:36.0818+00:00','2025-09-17T17:32:40.402674455Z
19k2iaif140aq0,'2025-09-17T17:18:36.081800+00:00,'-1,task_command.py:473,ingest_currency_api,1,'airflow-worker-dg2dl,etl_pipeline_clicks_transactions,'projects/neon-camp-471705-q5/logs/airflow-worker,,'2025-09-17T17:32:43.221156714Z,composerenv,'us-central1,'neon-camp-471705-q5,cloud_composer_environment,INFO,'Running <TaskInstance: etl_pipeline_clicks_transactions.ingest_currency_api manual__2025-09-17T17:18:36.0818+00:00 [running]> on host airflow-worker-dg2dl,'2025-09-17T17:32:40.084731996Z
19k2iaif140apz,'2025-09-17T17:18:36.081800+00:00,'-1,standard_task_runner.py:105,ingest_currency_api,1,'airflow-worker-dg2dl,etl_pipeline_clicks_transactions,'projects/neon-camp-471705-q5/logs/airflow-worker,,'2025-09-17T17:32:43.221156714Z,composerenv,'us-central1,'neon-camp-471705-q5,cloud_composer_environment,INFO,Job 204: Subtask ingest_currency_api,'2025-09-17T17:32:39.937194884Z
19k2iaif140apy,'2025-09-17T17:18:36.081800+00:00,'-1,standard_task_runner.py:104,ingest_currency_api,1,'airflow-worker-dg2dl,etl_pipeline_clicks_transactions,'projects/neon-camp-471705-q5/logs/airflow-worker,,'2025-09-17T17:32:43.221156714Z,composerenv,'us-central1,'neon-camp-471705-q5,cloud_composer_environment,INFO,"'Running: ['airflow', 'tasks', 'run', 'etl_pipeline_clicks_transactions', 'ingest_currency_api', 'manual__2025-09-17T17:18:36.0818+00:00', '--job-id', '204', '--raw', '--subdir', 'DAGS_FOLDER/etl_pipeline_dag.py', '--cfg-path', '/tmp/tmp82nx6jwe']",'2025-09-17T17:32:39.936821075Z
19k2iaif140apx,'2025-09-17T17:18:36.081800+00:00,'-1,standard_task_runner.py:72,ingest_currency_api,1,'airflow-worker-dg2dl,etl_pipeline_clicks_transactions,'projects/neon-camp-471705-q5/logs/airflow-worker,,'2025-09-17T17:32:43.221156714Z,composerenv,'us-central1,'neon-camp-471705-q5,cloud_composer_environment,INFO,Started process 441 to run task,'2025-09-17T17:32:39.930746176Z
19k2iaif140apw,'2025-09-17T17:18:36.081800+00:00,'-1,taskinstance.py:2892,ingest_currency_api,1,'airflow-worker-dg2dl,etl_pipeline_clicks_transactions,'projects/neon-camp-471705-q5/logs/airflow-worker,,'2025-09-17T17:32:43.221156714Z,composerenv,'us-central1,'neon-camp-471705-q5,cloud_composer_environment,INFO,'Executing <Task(PythonOperator): ingest_currency_api> on 2025-09-17 17:18:36.081800+00:00,'2025-09-17T17:32:39.917474197Z
19k2iaif140apv,'2025-09-17T17:18:36.081800+00:00,'-1,taskinstance.py:2869,ingest_currency_api,1,'airflow-worker-dg2dl,etl_pipeline_clicks_transactions,'projects/neon-camp-471705-q5/logs/airflow-worker,,'2025-09-17T17:32:43.221156714Z,composerenv,'us-central1,'neon-camp-471705-q5,cloud_composer_environment,INFO,Starting attempt 1 of 2,'2025-09-17T17:32:39.867050714Z
19k2iaif140apu,'2025-09-17T17:18:36.081800+00:00,'-1,taskinstance.py:2616,ingest_currency_api,1,'airflow-worker-dg2dl,etl_pipeline_clicks_transactions,'projects/neon-camp-471705-q5/logs/airflow-worker,,'2025-09-17T17:32:43.221156714Z,composerenv,'us-central1,'neon-camp-471705-q5,cloud_composer_environment,INFO,'Dependencies all met for dep_context=requeueable deps ti=<TaskInstance: etl_pipeline_clicks_transactions.ingest_currency_api manual__2025-09-17T17:18:36.0818+00:00 [queued]>,'2025-09-17T17:32:39.866969534Z
19k2iaif140apt,'2025-09-17T17:18:36.081800+00:00,'-1,taskinstance.py:2616,ingest_currency_api,1,'airflow-worker-dg2dl,etl_pipeline_clicks_transactions,'projects/neon-camp-471705-q5/logs/airflow-worker,,'2025-09-17T17:32:43.221156714Z,composerenv,'us-central1,'neon-camp-471705-q5,cloud_composer_environment,INFO,'Dependencies all met for dep_context=non-requeueable deps ti=<TaskInstance: etl_pipeline_clicks_transactions.ingest_currency_api manual__2025-09-17T17:18:36.0818+00:00 [queued]>,'2025-09-17T17:32:39.830230719Z
19k2iaif140aps,'2025-09-17T17:18:36.081800+00:00,'-1,local_task_job_runner.py:123,ingest_currency_api,1,'airflow-worker-dg2dl,etl_pipeline_clicks_transactions,'projects/neon-camp-471705-q5/logs/airflow-worker,,'2025-09-17T17:32:43.221156714Z,composerenv,'us-central1,'neon-camp-471705-q5,cloud_composer_environment,INFO,::group::Pre task execution logs,'2025-09-17T17:32:39.752919258Z
1wacbdtf55q64s,'2025-09-17T17:18:36.081800+00:00,'-1,local_task_job_runner.py:245,ingest_transactions,2,'airflow-worker-dg2dl,etl_pipeline_clicks_transactions,'projects/neon-camp-471705-q5/logs/airflow-worker,,'2025-09-17T17:32:37.116777504Z,composerenv,'us-central1,'neon-camp-471705-q5,cloud_composer_environment,INFO,::endgroup::,'2025-09-17T17:32:35.218608341Z
1wacbdtf55q64r,'2025-09-17T17:18:36.081800+00:00,'-1,taskinstance.py:3904,ingest_transactions,2,'airflow-worker-dg2dl,etl_pipeline_clicks_transactions,'projects/neon-camp-471705-q5/logs/airflow-worker,,'2025-09-17T17:32:37.116777504Z,composerenv,'us-central1,'neon-camp-471705-q5,cloud_composer_environment,INFO,'1 downstream tasks scheduled from follow-on schedule check,'2025-09-17T17:32:35.213048652Z
1wacbdtf55q64q,'2025-09-17T17:18:36.081800+00:00,'-1,local_task_job_runner.py:266,ingest_transactions,2,'airflow-worker-dg2dl,etl_pipeline_clicks_transactions,'projects/neon-camp-471705-q5/logs/airflow-worker,,'2025-09-17T17:32:37.116777504Z,composerenv,'us-central1,'neon-camp-471705-q5,cloud_composer_environment,INFO,Task exited with return code 0,'2025-09-17T17:32:35.113191795Z
1wacbdtf55q64p,'2025-09-17T17:18:36.081800+00:00,'-1,taskinstance.py:353,ingest_transactions,2,'airflow-worker-dg2dl,etl_pipeline_clicks_transactions,'projects/neon-camp-471705-q5/logs/airflow-worker,,'2025-09-17T17:32:37.116777504Z,composerenv,'us-central1,'neon-camp-471705-q5,cloud_composer_environment,INFO,"'Marking task as SUCCESS. dag_id=etl_pipeline_clicks_transactions, task_id=ingest_transactions, run_id=manual__2025-09-17T17:18:36.0818+00:00, execution_date=20250917T171836, start_date=20250917T173026, end_date=20250917T173234",'2025-09-17T17:32:34.831092281Z
1wacbdtf55q64o,'2025-09-17T17:18:36.081800+00:00,'-1,taskinstance.py:341,ingest_transactions,2,'airflow-worker-dg2dl,etl_pipeline_clicks_transactions,'projects/neon-camp-471705-q5/logs/airflow-worker,,'2025-09-17T17:32:37.116777504Z,composerenv,'us-central1,'neon-camp-471705-q5,cloud_composer_environment,INFO,::group::Post task execution logs,'2025-09-17T17:32:34.825631922Z
1wacbdtf55q64n,'2025-09-17T17:18:36.081800+00:00,'-1,python.py:240,ingest_transactions,2,'airflow-worker-dg2dl,etl_pipeline_clicks_transactions,'projects/neon-camp-471705-q5/logs/airflow-worker,,'2025-09-17T17:32:37.116777504Z,composerenv,'us-central1,'neon-camp-471705-q5,cloud_composer_environment,INFO,"'Done. Returned value was: {'rows': 100000, 'staging_gcs': 'staging/etl_pipeline/transactions_20250917T173233.csv'}",'2025-09-17T17:32:34.704361507Z
8cd6o7f495000,'2025-09-17T17:18:36.081800+00:00,'-1,standard_task_runner.py:217,ingest_clickstream,2,'airflow-worker-dg2dl,etl_pipeline_clicks_transactions,'projects/neon-camp-471705-q5/logs/airflow-worker,,'2025-09-17T17:31:45.450701595Z,composerenv,'us-central1,'neon-camp-471705-q5,cloud_composer_environment,INFO,"'Process not found (most likely exited), stop collecting metrics",'2025-09-17T17:31:44.509638125Z
8cd6o7f494zzz,'2025-09-17T17:18:36.081800+00:00,'-1,local_task_job_runner.py:245,ingest_clickstream,2,'airflow-worker-dg2dl,etl_pipeline_clicks_transactions,'projects/neon-camp-471705-q5/logs/airflow-worker,,'2025-09-17T17:31:45.450701595Z,composerenv,'us-central1,'neon-camp-471705-q5,cloud_composer_environment,INFO,::endgroup::,'2025-09-17T17:31:44.418656546Z
8cd6o7f494zzy,'2025-09-17T17:18:36.081800+00:00,'-1,local_task_job_runner.py:266,ingest_clickstream,2,'airflow-worker-dg2dl,etl_pipeline_clicks_transactions,'projects/neon-camp-471705-q5/logs/airflow-worker,,'2025-09-17T17:31:45.450701595Z,composerenv,'us-central1,'neon-camp-471705-q5,cloud_composer_environment,INFO,Task exited with return code 0,'2025-09-17T17:31:44.207234883Z
8cd6o7f494zzx,'2025-09-17T17:18:36.081800+00:00,'-1,taskinstance.py:353,ingest_clickstream,2,'airflow-worker-dg2dl,etl_pipeline_clicks_transactions,'projects/neon-camp-471705-q5/logs/airflow-worker,,'2025-09-17T17:31:45.450701595Z,composerenv,'us-central1,'neon-camp-471705-q5,cloud_composer_environment,INFO,"'Marking task as SUCCESS. dag_id=etl_pipeline_clicks_transactions, task_id=ingest_clickstream, run_id=manual__2025-09-17T17:18:36.0818+00:00, execution_date=20250917T171836, start_date=20250917T173009, end_date=20250917T173143",'2025-09-17T17:31:43.028201064Z
8cd6o7f494zzw,'2025-09-17T17:18:36.081800+00:00,'-1,taskinstance.py:341,ingest_clickstream,2,'airflow-worker-dg2dl,etl_pipeline_clicks_transactions,'projects/neon-camp-471705-q5/logs/airflow-worker,,'2025-09-17T17:31:45.450701595Z,composerenv,'us-central1,'neon-camp-471705-q5,cloud_composer_environment,INFO,::group::Post task execution logs,'2025-09-17T17:31:43.025216134Z
8cd6o7f494zzv,'2025-09-17T17:18:36.081800+00:00,'-1,python.py:240,ingest_clickstream,2,'airflow-worker-dg2dl,etl_pipeline_clicks_transactions,'projects/neon-camp-471705-q5/logs/airflow-worker,,'2025-09-17T17:31:45.450701595Z,composerenv,'us-central1,'neon-camp-471705-q5,cloud_composer_environment,INFO,"'Done. Returned value was: {'rows': 200000, 'staging_gcs': 'staging/etl_pipeline/clickstream_20250917T173132.csv'}",'2025-09-17T17:31:42.315304615Z
1e85lo9f5h3rd5,'2025-09-17T17:18:36.081800+00:00,'-1,taskinstance.py:733,ingest_transactions,2,'airflow-worker-dg2dl,etl_pipeline_clicks_transactions,'projects/neon-camp-471705-q5/logs/airflow-worker,,'2025-09-17T17:30:34.642730856Z,composerenv,'us-central1,'neon-camp-471705-q5,cloud_composer_environment,INFO,::endgroup::,'2025-09-17T17:30:28.717112764Z
1e85lo9f5h3rd4,'2025-09-17T17:18:36.081800+00:00,'-1,taskinstance.py:3136,ingest_transactions,2,'airflow-worker-dg2dl,etl_pipeline_clicks_transactions,'projects/neon-camp-471705-q5/logs/airflow-worker,,'2025-09-17T17:30:34.642730856Z,composerenv,'us-central1,'neon-camp-471705-q5,cloud_composer_environment,INFO,'Exporting env vars: AIRFLOW_CTX_DAG_EMAIL='sureshav2004@gmail.com' AIRFLOW_CTX_DAG_OWNER='airflow' AIRFLOW_CTX_DAG_ID='etl_pipeline_clicks_transactions' AIRFLOW_CTX_TASK_ID='ingest_transactions' AIRFLOW_CTX_EXECUTION_DATE='2025-09-17T17:18:36.081800+00:00' AIRFLOW_CTX_TRY_NUMBER='2' AIRFLOW_CTX_DAG_RUN_ID='manual__2025-09-17T17:18:36.0818+00:00','2025-09-17T17:30:28.714272255Z
dcwthyf5hbrsa,'2025-09-17T17:18:36.081800+00:00,'-1,task_command.py:473,ingest_transactions,2,'airflow-worker-dg2dl,etl_pipeline_clicks_transactions,'projects/neon-camp-471705-q5/logs/airflow-worker,,'2025-09-17T17:30:28.556470300Z,composerenv,'us-central1,'neon-camp-471705-q5,cloud_composer_environment,INFO,'Running <TaskInstance: etl_pipeline_clicks_transactions.ingest_transactions manual__2025-09-17T17:18:36.0818+00:00 [running]> on host airflow-worker-dg2dl,'2025-09-17T17:30:27.708095584Z
dcwthyf5hbrs9,'2025-09-17T17:18:36.081800+00:00,'-1,standard_task_runner.py:105,ingest_transactions,2,'airflow-worker-dg2dl,etl_pipeline_clicks_transactions,'projects/neon-camp-471705-q5/logs/airflow-worker,,'2025-09-17T17:30:28.556470300Z,composerenv,'us-central1,'neon-camp-471705-q5,cloud_composer_environment,INFO,Job 203: Subtask ingest_transactions,'2025-09-17T17:30:27.226150056Z
dcwthyf5hbrs8,'2025-09-17T17:18:36.081800+00:00,'-1,standard_task_runner.py:104,ingest_transactions,2,'airflow-worker-dg2dl,etl_pipeline_clicks_transactions,'projects/neon-camp-471705-q5/logs/airflow-worker,,'2025-09-17T17:30:28.556470300Z,composerenv,'us-central1,'neon-camp-471705-q5,cloud_composer_environment,INFO,"'Running: ['airflow', 'tasks', 'run', 'etl_pipeline_clicks_transactions', 'ingest_transactions', 'manual__2025-09-17T17:18:36.0818+00:00', '--job-id', '203', '--raw', '--subdir', 'DAGS_FOLDER/etl_pipeline_dag.py', '--cfg-path', '/tmp/tmpkm_9trk_']",'2025-09-17T17:30:27.226120956Z
dcwthyf5hbrs7,'2025-09-17T17:18:36.081800+00:00,'-1,standard_task_runner.py:72,ingest_transactions,2,'airflow-worker-dg2dl,etl_pipeline_clicks_transactions,'projects/neon-camp-471705-q5/logs/airflow-worker,,'2025-09-17T17:30:28.556470300Z,composerenv,'us-central1,'neon-camp-471705-q5,cloud_composer_environment,INFO,Started process 382 to run task,'2025-09-17T17:30:27.221595597Z
dcwthyf5hbrs6,'2025-09-17T17:18:36.081800+00:00,'-1,taskinstance.py:2892,ingest_transactions,2,'airflow-worker-dg2dl,etl_pipeline_clicks_transactions,'projects/neon-camp-471705-q5/logs/airflow-worker,,'2025-09-17T17:30:28.556470300Z,composerenv,'us-central1,'neon-camp-471705-q5,cloud_composer_environment,INFO,'Executing <Task(PythonOperator): ingest_transactions> on 2025-09-17 17:18:36.081800+00:00,'2025-09-17T17:30:27.132183178Z
dcwthyf5hbrs5,'2025-09-17T17:18:36.081800+00:00,'-1,taskinstance.py:2869,ingest_transactions,2,'airflow-worker-dg2dl,etl_pipeline_clicks_transactions,'projects/neon-camp-471705-q5/logs/airflow-worker,,'2025-09-17T17:30:28.556470300Z,composerenv,'us-central1,'neon-camp-471705-q5,cloud_composer_environment,INFO,Starting attempt 2 of 2,'2025-09-17T17:30:26.931145014Z
dcwthyf5hbrs4,'2025-09-17T17:18:36.081800+00:00,'-1,taskinstance.py:2616,ingest_transactions,2,'airflow-worker-dg2dl,etl_pipeline_clicks_transactions,'projects/neon-camp-471705-q5/logs/airflow-worker,,'2025-09-17T17:30:28.556470300Z,composerenv,'us-central1,'neon-camp-471705-q5,cloud_composer_environment,INFO,'Dependencies all met for dep_context=requeueable deps ti=<TaskInstance: etl_pipeline_clicks_transactions.ingest_transactions manual__2025-09-17T17:18:36.0818+00:00 [queued]>,'2025-09-17T17:30:26.929051274Z
dcwthyf5hbrs3,'2025-09-17T17:18:36.081800+00:00,'-1,taskinstance.py:2616,ingest_transactions,2,'airflow-worker-dg2dl,etl_pipeline_clicks_transactions,'projects/neon-camp-471705-q5/logs/airflow-worker,,'2025-09-17T17:30:28.556470300Z,composerenv,'us-central1,'neon-camp-471705-q5,cloud_composer_environment,INFO,'Dependencies all met for dep_context=non-requeueable deps ti=<TaskInstance: etl_pipeline_clicks_transactions.ingest_transactions manual__2025-09-17T17:18:36.0818+00:00 [queued]>,'2025-09-17T17:30:26.830130636Z
dcwthyf5hbrs2,'2025-09-17T17:18:36.081800+00:00,'-1,local_task_job_runner.py:123,ingest_transactions,2,'airflow-worker-dg2dl,etl_pipeline_clicks_transactions,'projects/neon-camp-471705-q5/logs/airflow-worker,,'2025-09-17T17:30:28.556470300Z,composerenv,'us-central1,'neon-camp-471705-q5,cloud_composer_environment,INFO,::group::Pre task execution logs,'2025-09-17T17:30:26.635757252Z
2jipwuf1oe0rx,'2025-09-17T17:18:36.081800+00:00,'-1,taskinstance.py:733,ingest_clickstream,2,'airflow-worker-dg2dl,etl_pipeline_clicks_transactions,'projects/neon-camp-471705-q5/logs/airflow-worker,,'2025-09-17T17:30:15.305602645Z,composerenv,'us-central1,'neon-camp-471705-q5,cloud_composer_environment,INFO,::endgroup::,'2025-09-17T17:30:09.568482145Z
2jipwuf1oe0rw,'2025-09-17T17:18:36.081800+00:00,'-1,taskinstance.py:3136,ingest_clickstream,2,'airflow-worker-dg2dl,etl_pipeline_clicks_transactions,'projects/neon-camp-471705-q5/logs/airflow-worker,,'2025-09-17T17:30:15.305602645Z,composerenv,'us-central1,'neon-camp-471705-q5,cloud_composer_environment,INFO,'Exporting env vars: AIRFLOW_CTX_DAG_EMAIL='sureshav2004@gmail.com' AIRFLOW_CTX_DAG_OWNER='airflow' AIRFLOW_CTX_DAG_ID='etl_pipeline_clicks_transactions' AIRFLOW_CTX_TASK_ID='ingest_clickstream' AIRFLOW_CTX_EXECUTION_DATE='2025-09-17T17:18:36.081800+00:00' AIRFLOW_CTX_TRY_NUMBER='2' AIRFLOW_CTX_DAG_RUN_ID='manual__2025-09-17T17:18:36.0818+00:00','2025-09-17T17:30:09.567678145Z
2jipwuf1oe0rv,'2025-09-17T17:18:36.081800+00:00,'-1,task_command.py:473,ingest_clickstream,2,'airflow-worker-dg2dl,etl_pipeline_clicks_transactions,'projects/neon-camp-471705-q5/logs/airflow-worker,,'2025-09-17T17:30:15.305602645Z,composerenv,'us-central1,'neon-camp-471705-q5,cloud_composer_environment,INFO,'Running <TaskInstance: etl_pipeline_clicks_transactions.ingest_clickstream manual__2025-09-17T17:18:36.0818+00:00 [running]> on host airflow-worker-dg2dl,'2025-09-17T17:30:09.306624648Z
1eipueef4vh0ne,'2025-09-17T17:18:36.081800+00:00,'-1,standard_task_runner.py:105,ingest_clickstream,2,'airflow-worker-dg2dl,etl_pipeline_clicks_transactions,'projects/neon-camp-471705-q5/logs/airflow-worker,,'2025-09-17T17:30:10.215024125Z,composerenv,'us-central1,'neon-camp-471705-q5,cloud_composer_environment,INFO,Job 202: Subtask ingest_clickstream,'2025-09-17T17:30:09.168504686Z
1eipueef4vh0nd,'2025-09-17T17:18:36.081800+00:00,'-1,standard_task_runner.py:104,ingest_clickstream,2,'airflow-worker-dg2dl,etl_pipeline_clicks_transactions,'projects/neon-camp-471705-q5/logs/airflow-worker,,'2025-09-17T17:30:10.215024125Z,composerenv,'us-central1,'neon-camp-471705-q5,cloud_composer_environment,INFO,"'Running: ['airflow', 'tasks', 'run', 'etl_pipeline_clicks_transactions', 'ingest_clickstream', 'manual__2025-09-17T17:18:36.0818+00:00', '--job-id', '202', '--raw', '--subdir', 'DAGS_FOLDER/etl_pipeline_dag.py', '--cfg-path', '/tmp/tmpbmo5333z']",'2025-09-17T17:30:09.168194236Z
1eipueef4vh0nc,'2025-09-17T17:18:36.081800+00:00,'-1,standard_task_runner.py:72,ingest_clickstream,2,'airflow-worker-dg2dl,etl_pipeline_clicks_transactions,'projects/neon-camp-471705-q5/logs/airflow-worker,,'2025-09-17T17:30:10.215024125Z,composerenv,'us-central1,'neon-camp-471705-q5,cloud_composer_environment,INFO,Started process 378 to run task,'2025-09-17T17:30:09.167172316Z
1eipueef4vh0nb,'2025-09-17T17:18:36.081800+00:00,'-1,taskinstance.py:2892,ingest_clickstream,2,'airflow-worker-dg2dl,etl_pipeline_clicks_transactions,'projects/neon-camp-471705-q5/logs/airflow-worker,,'2025-09-17T17:30:10.215024125Z,composerenv,'us-central1,'neon-camp-471705-q5,cloud_composer_environment,INFO,'Executing <Task(PythonOperator): ingest_clickstream> on 2025-09-17 17:18:36.081800+00:00,'2025-09-17T17:30:09.154648338Z
1eipueef4vh0na,'2025-09-17T17:18:36.081800+00:00,'-1,taskinstance.py:2869,ingest_clickstream,2,'airflow-worker-dg2dl,etl_pipeline_clicks_transactions,'projects/neon-camp-471705-q5/logs/airflow-worker,,'2025-09-17T17:30:10.215024125Z,composerenv,'us-central1,'neon-camp-471705-q5,cloud_composer_environment,INFO,Starting attempt 2 of 2,'2025-09-17T17:30:09.120429742Z
1eipueef4vh0n9,'2025-09-17T17:18:36.081800+00:00,'-1,taskinstance.py:2616,ingest_clickstream,2,'airflow-worker-dg2dl,etl_pipeline_clicks_transactions,'projects/neon-camp-471705-q5/logs/airflow-worker,,'2025-09-17T17:30:10.215024125Z,composerenv,'us-central1,'neon-camp-471705-q5,cloud_composer_environment,INFO,'Dependencies all met for dep_context=requeueable deps ti=<TaskInstance: etl_pipeline_clicks_transactions.ingest_clickstream manual__2025-09-17T17:18:36.0818+00:00 [queued]>,'2025-09-17T17:30:09.120155992Z
1eipueef4vh0n8,'2025-09-17T17:18:36.081800+00:00,'-1,taskinstance.py:2616,ingest_clickstream,2,'airflow-worker-dg2dl,etl_pipeline_clicks_transactions,'projects/neon-camp-471705-q5/logs/airflow-worker,,'2025-09-17T17:30:10.215024125Z,composerenv,'us-central1,'neon-camp-471705-q5,cloud_composer_environment,INFO,'Dependencies all met for dep_context=non-requeueable deps ti=<TaskInstance: etl_pipeline_clicks_transactions.ingest_clickstream manual__2025-09-17T17:18:36.0818+00:00 [queued]>,'2025-09-17T17:30:09.096998515Z
1eipueef4vh0n7,'2025-09-17T17:18:36.081800+00:00,'-1,local_task_job_runner.py:123,ingest_clickstream,2,'airflow-worker-dg2dl,etl_pipeline_clicks_transactions,'projects/neon-camp-471705-q5/logs/airflow-worker,,'2025-09-17T17:30:10.215024125Z,composerenv,'us-central1,'neon-camp-471705-q5,cloud_composer_environment,INFO,::group::Pre task execution logs,'2025-09-17T17:30:09.042616562Z
1qqx1cgf19neod,'2025-09-17T17:18:36.081800+00:00,'-1,taskinstance.py:733,ingest_clickstream,1,'airflow-worker-dg2dl,etl_pipeline_clicks_transactions,'projects/neon-camp-471705-q5/logs/airflow-worker,,'2025-09-17T17:18:51.220868647Z,composerenv,'us-central1,'neon-camp-471705-q5,cloud_composer_environment,INFO,::endgroup::,'2025-09-17T17:18:46.983610205Z
1qqx1cgf19neoc,'2025-09-17T17:18:36.081800+00:00,'-1,taskinstance.py:3136,ingest_clickstream,1,'airflow-worker-dg2dl,etl_pipeline_clicks_transactions,'projects/neon-camp-471705-q5/logs/airflow-worker,,'2025-09-17T17:18:51.220868647Z,composerenv,'us-central1,'neon-camp-471705-q5,cloud_composer_environment,INFO,'Exporting env vars: AIRFLOW_CTX_DAG_EMAIL='sureshav2004@gmail.com' AIRFLOW_CTX_DAG_OWNER='airflow' AIRFLOW_CTX_DAG_ID='etl_pipeline_clicks_transactions' AIRFLOW_CTX_TASK_ID='ingest_clickstream' AIRFLOW_CTX_EXECUTION_DATE='2025-09-17T17:18:36.081800+00:00' AIRFLOW_CTX_TRY_NUMBER='1' AIRFLOW_CTX_DAG_RUN_ID='manual__2025-09-17T17:18:36.0818+00:00','2025-09-17T17:18:46.982181275Z
1qqx1cgf19neob,'2025-09-17T17:18:36.081800+00:00,'-1,taskinstance.py:733,ingest_transactions,1,'airflow-worker-dg2dl,etl_pipeline_clicks_transactions,'projects/neon-camp-471705-q5/logs/airflow-worker,,'2025-09-17T17:18:51.220868647Z,composerenv,'us-central1,'neon-camp-471705-q5,cloud_composer_environment,INFO,::endgroup::,'2025-09-17T17:18:46.971771796Z
1qqx1cgf19neoa,'2025-09-17T17:18:36.081800+00:00,'-1,taskinstance.py:3136,ingest_transactions,1,'airflow-worker-dg2dl,etl_pipeline_clicks_transactions,'projects/neon-camp-471705-q5/logs/airflow-worker,,'2025-09-17T17:18:51.220868647Z,composerenv,'us-central1,'neon-camp-471705-q5,cloud_composer_environment,INFO,'Exporting env vars: AIRFLOW_CTX_DAG_EMAIL='sureshav2004@gmail.com' AIRFLOW_CTX_DAG_OWNER='airflow' AIRFLOW_CTX_DAG_ID='etl_pipeline_clicks_transactions' AIRFLOW_CTX_TASK_ID='ingest_transactions' AIRFLOW_CTX_EXECUTION_DATE='2025-09-17T17:18:36.081800+00:00' AIRFLOW_CTX_TRY_NUMBER='1' AIRFLOW_CTX_DAG_RUN_ID='manual__2025-09-17T17:18:36.0818+00:00','2025-09-17T17:18:46.970061907Z
1qqx1cgf19neo9,'2025-09-17T17:18:36.081800+00:00,'-1,task_command.py:473,ingest_clickstream,1,'airflow-worker-dg2dl,etl_pipeline_clicks_transactions,'projects/neon-camp-471705-q5/logs/airflow-worker,,'2025-09-17T17:18:51.220868647Z,composerenv,'us-central1,'neon-camp-471705-q5,cloud_composer_environment,INFO,'Running <TaskInstance: etl_pipeline_clicks_transactions.ingest_clickstream manual__2025-09-17T17:18:36.0818+00:00 [running]> on host airflow-worker-dg2dl,'2025-09-17T17:18:46.372776493Z
1qqx1cgf19neo8,'2025-09-17T17:18:36.081800+00:00,'-1,task_command.py:473,ingest_transactions,1,'airflow-worker-dg2dl,etl_pipeline_clicks_transactions,'projects/neon-camp-471705-q5/logs/airflow-worker,,'2025-09-17T17:18:51.220868647Z,composerenv,'us-central1,'neon-camp-471705-q5,cloud_composer_environment,INFO,'Running <TaskInstance: etl_pipeline_clicks_transactions.ingest_transactions manual__2025-09-17T17:18:36.0818+00:00 [running]> on host airflow-worker-dg2dl,'2025-09-17T17:18:46.280120505Z
1qqx1cgf19neo7,'2025-09-17T17:18:36.081800+00:00,'-1,standard_task_runner.py:72,ingest_transactions,1,'airflow-worker-dg2dl,etl_pipeline_clicks_transactions,'projects/neon-camp-471705-q5/logs/airflow-worker,,'2025-09-17T17:18:51.220868647Z,composerenv,'us-central1,'neon-camp-471705-q5,cloud_composer_environment,INFO,Started process 778 to run task,'2025-09-17T17:18:45.898671793Z
1qqx1cgf19neo6,'2025-09-17T17:18:36.081800+00:00,'-1,standard_task_runner.py:105,ingest_transactions,1,'airflow-worker-dg2dl,etl_pipeline_clicks_transactions,'projects/neon-camp-471705-q5/logs/airflow-worker,,'2025-09-17T17:18:51.220868647Z,composerenv,'us-central1,'neon-camp-471705-q5,cloud_composer_environment,INFO,Job 200: Subtask ingest_transactions,'2025-09-17T17:18:45.890125514Z
1qqx1cgf19neo5,'2025-09-17T17:18:36.081800+00:00,'-1,standard_task_runner.py:104,ingest_transactions,1,'airflow-worker-dg2dl,etl_pipeline_clicks_transactions,'projects/neon-camp-471705-q5/logs/airflow-worker,,'2025-09-17T17:18:51.220868647Z,composerenv,'us-central1,'neon-camp-471705-q5,cloud_composer_environment,INFO,"'Running: ['airflow', 'tasks', 'run', 'etl_pipeline_clicks_transactions', 'ingest_transactions', 'manual__2025-09-17T17:18:36.0818+00:00', '--job-id', '200', '--raw', '--subdir', 'DAGS_FOLDER/etl_pipeline_dag.py', '--cfg-path', '/tmp/tmpx7pb4cw4']",'2025-09-17T17:18:45.887888445Z
1qqx1cgf19neo4,'2025-09-17T17:18:36.081800+00:00,'-1,standard_task_runner.py:72,ingest_clickstream,1,'airflow-worker-dg2dl,etl_pipeline_clicks_transactions,'projects/neon-camp-471705-q5/logs/airflow-worker,,'2025-09-17T17:18:51.220868647Z,composerenv,'us-central1,'neon-camp-471705-q5,cloud_composer_environment,INFO,Started process 777 to run task,'2025-09-17T17:18:45.874070037Z
1qqx1cgf19neo3,'2025-09-17T17:18:36.081800+00:00,'-1,standard_task_runner.py:105,ingest_clickstream,1,'airflow-worker-dg2dl,etl_pipeline_clicks_transactions,'projects/neon-camp-471705-q5/logs/airflow-worker,,'2025-09-17T17:18:51.220868647Z,composerenv,'us-central1,'neon-camp-471705-q5,cloud_composer_environment,INFO,Job 199: Subtask ingest_clickstream,'2025-09-17T17:18:45.870217657Z
1qqx1cgf19neo2,'2025-09-17T17:18:36.081800+00:00,'-1,standard_task_runner.py:104,ingest_clickstream,1,'airflow-worker-dg2dl,etl_pipeline_clicks_transactions,'projects/neon-camp-471705-q5/logs/airflow-worker,,'2025-09-17T17:18:51.220868647Z,composerenv,'us-central1,'neon-camp-471705-q5,cloud_composer_environment,INFO,"'Running: ['airflow', 'tasks', 'run', 'etl_pipeline_clicks_transactions', 'ingest_clickstream', 'manual__2025-09-17T17:18:36.0818+00:00', '--job-id', '199', '--raw', '--subdir', 'DAGS_FOLDER/etl_pipeline_dag.py', '--cfg-path', '/tmp/tmplcygdm9j']",'2025-09-17T17:18:45.809768105Z
1qqx1cgf19neo1,'2025-09-17T17:18:36.081800+00:00,'-1,taskinstance.py:2892,ingest_transactions,1,'airflow-worker-dg2dl,etl_pipeline_clicks_transactions,'projects/neon-camp-471705-q5/logs/airflow-worker,,'2025-09-17T17:18:51.220868647Z,composerenv,'us-central1,'neon-camp-471705-q5,cloud_composer_environment,INFO,'Executing <Task(PythonOperator): ingest_transactions> on 2025-09-17 17:18:36.081800+00:00,'2025-09-17T17:18:45.677126911Z
1qqx1cgf19neo0,'2025-09-17T17:18:36.081800+00:00,'-1,taskinstance.py:2892,ingest_clickstream,1,'airflow-worker-dg2dl,etl_pipeline_clicks_transactions,'projects/neon-camp-471705-q5/logs/airflow-worker,,'2025-09-17T17:18:51.220868647Z,composerenv,'us-central1,'neon-camp-471705-q5,cloud_composer_environment,INFO,'Executing <Task(PythonOperator): ingest_clickstream> on 2025-09-17 17:18:36.081800+00:00,'2025-09-17T17:18:45.670567623Z
1qqx1cgf19nenz,'2025-09-17T17:18:36.081800+00:00,'-1,taskinstance.py:2869,ingest_transactions,1,'airflow-worker-dg2dl,etl_pipeline_clicks_transactions,'projects/neon-camp-471705-q5/logs/airflow-worker,,'2025-09-17T17:18:51.220868647Z,composerenv,'us-central1,'neon-camp-471705-q5,cloud_composer_environment,INFO,Starting attempt 1 of 2,'2025-09-17T17:18:45.521196922Z
1qqx1cgf19neny,'2025-09-17T17:18:36.081800+00:00,'-1,taskinstance.py:2616,ingest_transactions,1,'airflow-worker-dg2dl,etl_pipeline_clicks_transactions,'projects/neon-camp-471705-q5/logs/airflow-worker,,'2025-09-17T17:18:51.220868647Z,composerenv,'us-central1,'neon-camp-471705-q5,cloud_composer_environment,INFO,'Dependencies all met for dep_context=requeueable deps ti=<TaskInstance: etl_pipeline_clicks_transactions.ingest_transactions manual__2025-09-17T17:18:36.0818+00:00 [queued]>,'2025-09-17T17:18:45.521147952Z
1qqx1cgf19nenx,'2025-09-17T17:18:36.081800+00:00,'-1,taskinstance.py:2616,ingest_transactions,1,'airflow-worker-dg2dl,etl_pipeline_clicks_transactions,'projects/neon-camp-471705-q5/logs/airflow-worker,,'2025-09-17T17:18:51.220868647Z,composerenv,'us-central1,'neon-camp-471705-q5,cloud_composer_environment,INFO,'Dependencies all met for dep_context=non-requeueable deps ti=<TaskInstance: etl_pipeline_clicks_transactions.ingest_transactions manual__2025-09-17T17:18:36.0818+00:00 [queued]>,'2025-09-17T17:18:45.481103137Z
1qqx1cgf19nenw,'2025-09-17T17:18:36.081800+00:00,'-1,taskinstance.py:2869,ingest_clickstream,1,'airflow-worker-dg2dl,etl_pipeline_clicks_transactions,'projects/neon-camp-471705-q5/logs/airflow-worker,,'2025-09-17T17:18:51.220868647Z,composerenv,'us-central1,'neon-camp-471705-q5,cloud_composer_environment,INFO,Starting attempt 1 of 2,'2025-09-17T17:18:45.479760477Z
1qqx1cgf19nenv,'2025-09-17T17:18:36.081800+00:00,'-1,taskinstance.py:2616,ingest_clickstream,1,'airflow-worker-dg2dl,etl_pipeline_clicks_transactions,'projects/neon-camp-471705-q5/logs/airflow-worker,,'2025-09-17T17:18:51.220868647Z,composerenv,'us-central1,'neon-camp-471705-q5,cloud_composer_environment,INFO,'Dependencies all met for dep_context=requeueable deps ti=<TaskInstance: etl_pipeline_clicks_transactions.ingest_clickstream manual__2025-09-17T17:18:36.0818+00:00 [queued]>,'2025-09-17T17:18:45.477873387Z
1qqx1cgf19nenu,'2025-09-17T17:18:36.081800+00:00,'-1,taskinstance.py:2616,ingest_clickstream,1,'airflow-worker-dg2dl,etl_pipeline_clicks_transactions,'projects/neon-camp-471705-q5/logs/airflow-worker,,'2025-09-17T17:18:51.220868647Z,composerenv,'us-central1,'neon-camp-471705-q5,cloud_composer_environment,INFO,'Dependencies all met for dep_context=non-requeueable deps ti=<TaskInstance: etl_pipeline_clicks_transactions.ingest_clickstream manual__2025-09-17T17:18:36.0818+00:00 [queued]>,'2025-09-17T17:18:45.403108337Z
1qqx1cgf19nent,'2025-09-17T17:18:36.081800+00:00,'-1,local_task_job_runner.py:123,ingest_transactions,1,'airflow-worker-dg2dl,etl_pipeline_clicks_transactions,'projects/neon-camp-471705-q5/logs/airflow-worker,,'2025-09-17T17:18:51.220868647Z,composerenv,'us-central1,'neon-camp-471705-q5,cloud_composer_environment,INFO,::group::Pre task execution logs,'2025-09-17T17:18:45.324159027Z
1qqx1cgf19nens,'2025-09-17T17:18:36.081800+00:00,'-1,local_task_job_runner.py:123,ingest_clickstream,1,'airflow-worker-dg2dl,etl_pipeline_clicks_transactions,'projects/neon-camp-471705-q5/logs/airflow-worker,,'2025-09-17T17:18:51.220868647Z,composerenv,'us-central1,'neon-camp-471705-q5,cloud_composer_environment,INFO,::group::Pre task execution logs,'2025-09-17T17:18:45.285680582Z
